title,video url,thumbnail_url,channel_name,videos views,videos uploaded,description
Kaisi Teri Khudgharzi 2nd Last Episode - 7th Dec 2022 (Eng Subtitles) ARY Digital,https://www.youtube.com/watch?v=QXN9zQ7oYZU,https://i.ytimg.com/vi/QXN9zQ7oYZU/hqdefault.jpg?sqp=-oaymwEcCPYBEIoBSFXyq4qpAw4IARUAAIhCGAFwAcABBg==&rs=AOn4CLB4VneNaWYQ9QvHEnwJXcWgirTGCQ,ARY Digital HD,34M views,10 days ago,Watch All Episodes of Kaisi Teri Khudgharzi Here : https://bit.ly/3pq9mHx Download ARY ZAP :https://l.ead.me/bb9zI1 Subscribe: https://bit.ly/2PiWK68 Kaisi Teri Khudgharzi 2nd Last Episode...
"Besharam Rang Song | Pathaan | Shah Rukh Khan, Deepika Padukone | Vishal & Sheykhar | Shilpa, Kumaar",https://www.youtube.com/watch?v=huxhqphtDrM,https://i.ytimg.com/vi/huxhqphtDrM/hqdefault.jpg?sqp=-oaymwEcCPYBEIoBSFXyq4qpAw4IARUAAIhCGAFwAcABBg==&rs=AOn4CLDK508dhUKY9bzTBWS9jD_tV3ppLw,YRF,70M views,5 days ago,"Nasha chadhne wala hai with this blockbuster jodi üî• Watch the song Besharam Rang NOW! Celebrate Pathaan with YRF50 only at a big screen near you on 25th January, 2023. Releasing in Hindi,..."
Bhai behan aur JaduüëªüòÇ‚ù§Ô∏è end tak dekhnaüòÇ #deepali #shorts #comedy #funny,https://www.youtube.com/shorts/BFqYhiiFIkE,https://i.ytimg.com/vi/BFqYhiiFIkE/hq2.jpg?sqp=-oaymwE2CPYBEIoBSFXyq4qpAygIARUAAIhCGABwAcABBvABAfgBzgWAAoAKigIMCAAQARhPIE4oZTAP&rs=AOn4CLBT2q21D22JEz4rgVpjmh0uefBNEw,Deepali Markam,17M views,3 days ago,
Bakhtawar - Ep 19 - [ùêÇùêÇ] - Yumna Zaidi - Digitally Powered by Master Paints - 11th Dec 2022 - HUM TV,https://www.youtube.com/watch?v=RI7JetgpiqM,https://i.ytimg.com/vi/RI7JetgpiqM/hqdefault.jpg?sqp=-oaymwEcCPYBEIoBSFXyq4qpAw4IARUAAIhCGAFwAcABBg==&rs=AOn4CLAtcsmlsi7tgUb-qOCqTOWhVzwlAg,HUM TV,5.2M views,6 days ago,Watch new Pakistani Dramas and stay updated with all new episodes on HUM TV's YouTube channel. Bakhtawar - Ep 19 - [ùêÇùêÇ] - Yumna Zaidi - Digitally Powered by Master Paints - 11th Dec...
dead silence üßüüòà|zoya sheikh| #viral #trending #reels,https://www.youtube.com/shorts/cvMVN1r_uAQ,https://i.ytimg.com/vi/cvMVN1r_uAQ/hq2.jpg?sqp=-oaymwE2CPYBEIoBSFXyq4qpAygIARUAAIhCGABwAcABBvABAfgBtgiAAoAPigIMCAAQARhlIFsoWTAP&rs=AOn4CLAFyZPhkbm1VjZU_6m9CkC_5PNlww,Zoya Sheikh,20M views,4 days ago,
Live | HBL PSL Player Draft 2023 | #HBLPSLDRAFT #HBLPSL8,https://www.youtube.com/watch?v=-w8IW3mn1jQ,https://i.ytimg.com/vi/-w8IW3mn1jQ/hqdefault.jpg?sqp=-oaymwEcCPYBEIoBSFXyq4qpAw4IARUAAIhCGAFwAcABBg==&rs=AOn4CLD_Tw-euFjMdcT1EL5MW_pZvIzFVg,Pakistan Super League,1.2M views,Streamed 2 days ago,Live | HBL PSL Player Draft 2023 | #HBLPSLDRAFT #HBLPSL8 #HBLPSL8 #PSL #HBLPSL2023 Pakistan Super League is a franchise T20 cricket tournament organized by the Pakistan Cricket...
Kaisi Teri Khudgharzi Episode 32 - 30th Nov 2022 (Eng Subtitles) ARY Digital Drama,https://www.youtube.com/watch?v=TR8uKqSiy0A,https://i.ytimg.com/vi/TR8uKqSiy0A/hqdefault.jpg?sqp=-oaymwEcCPYBEIoBSFXyq4qpAw4IARUAAIhCGAFwAcABBg==&rs=AOn4CLDj9PSc7sm2-Crxy97CuFWWJjApPQ,ARY Digital HD,34M views,2 weeks ago,Watch All Episodes of Kaisi Teri Khudgharzi Here : https://bit.ly/3pq9mHx Download ARY ZAP :https://l.ead.me/bb9zI1 Subscribe: https://bit.ly/2PiWK68 Kaisi Teri Khudgharzi Episode 32 |...
The next level jhoothüòÇ||Kanjoos dad in bus(PART-2) #shorts #comedy #chetanmonga,https://www.youtube.com/shorts/UNbLZo1939k,https://i.ytimg.com/vi/UNbLZo1939k/hq2.jpg?sqp=-oaymwE2CPYBEIoBSFXyq4qpAygIARUAAIhCGABwAcABBvABAfgBzgWAAoAKigIMCAAQARhlIGQoTzAP&rs=AOn4CLAERLaluiZGGrCjpO90N4F81PlUGA,Chetan Monga Vlogs,38M views,8 days ago,
Bhai behan ki masti üòÇ‚ù§Ô∏è end tak dekhnaüòÇ#deepali #shorts #comedy #funny,https://www.youtube.com/shorts/IRk70UMQnsc,https://i.ytimg.com/vi/IRk70UMQnsc/hq2.jpg?sqp=-oaymwE2CPYBEIoBSFXyq4qpAygIARUAAIhCGABwAcABBvABAfgBzgWAAoAKigIMCAAQARhYIF4oZTAP&rs=AOn4CLD511toosbm9aKzlX29vBkxpoLGHg,Deepali Markam,29M views,7 days ago,
Would You Fly To Paris For A Baguette?,https://www.youtube.com/shorts/se50viFJ0AQ,https://i.ytimg.com/vi/se50viFJ0AQ/hq2.jpg?sqp=-oaymwE2CPYBEIoBSFXyq4qpAygIARUAAIhCGABwAcABBvABAfgBzgWAAoAKigIMCAAQARhfIF8oXzAP&rs=AOn4CLC7VylDJ9VFOsWc9Z80Hxc6N4vHGw,MrBeast,199M views,8 days ago,New Merch - https://shopmrbeast.com/ SUBSCRIBE OR I TAKE YOUR DOG ‚ïî‚ïê‚ï¶‚ïó‚ïî‚ï¶‚ïó‚ïî‚ïê‚ï¶‚ïê‚ï¶‚ï¶‚ï¶‚ï¶‚ïó‚ïî‚ïê‚ïó ‚ïë‚ïö‚ï£‚ïë‚ïë‚ïë‚ïö‚ï£‚ïö‚ï£‚ïî‚ï£‚ïî‚ï£‚ïë‚ïö‚ï£‚ïê‚ï£ ‚ï†‚ïó‚ïë‚ïö...
